{
  "urls": [
    "GameSounds.ogg",
    "GameSounds.m4a",
    "GameSounds.mp3",
    "GameSounds.ac3"
  ],
  "sprite": {
    "background": [
      0,
      8071.8367346938785
    ],
    "intro": [
      10000,
      10149.433106575962
    ],
    "transition": [
      22000,
      4892.562358276642
    ],
    "bigWin": [
      28000,
      3912.01814058957
    ],
    "counterEnd": [
      33000,
      1727.891156462583
    ],
    "counterLoop": [
      36000,
      8071.836734693875, true
    ],
    "megaWin": [
      46000,
      6321.08843537415
    ],
    "superMegaWin": [
      54000,
      5898.662131519273
    ],
    "superMegaWinDissapear": [
      61000,
      2033.3786848072534
    ],
    "totalWin": [
      65000,
      1930.907029478462
    ],
    "winCounterLoop": [
      68000,
      1333.4920634920593, true
    ],
    "btnClick": [
      71000,
      2605.2607709750505
    ],
    "goldenFrameOnReel": [
      75000,
      1279.4104308390074
    ],
    "goldenFrameOnReel2": [
      78000,
      1870.544217687069
    ],
    "progressBarFill1": [
      81000,
      2666.689342403629
    ],
    "progressBarFill2": [
      85000,
      3000.0226757369574
    ],
    "progressBarFill3": [
      90000,
      3000.0226757369574
    ],
    "progressBarFill4": [
      95000,
      3000.0226757369574
    ],
    "progressBarFill5": [
      100000,
      3000.0226757369574
    ],
    "stickyWildReelAppear": [
      105000,
      3356.916099773244
    ],
    "symbolsFireEnergyShots": [
      110000,
      4002.539682539677
    ],
    "backgroundFS": [
      116000,
      8071.836734693875
    ],
    "fsAwardPopup": [
      126000,
      8071.836734693875
    ],
    "fsWinPopup": [
      136000,
      8071.836734693875
    ],
    "errorPopup": [
      146000,
      1203.3333333333474
    ],
    "hidePopup": [
      149000,
      1794.784580498856
    ],
    "showPopup": [
      152000,
      1794.784580498856
    ],
    "anticipation": [
      155000,
      2029.2290249433051
    ],
    "reelLock": [
      159000,
      2437.5283446711933
    ],
    "reelSpinning": [
      163000,
      6950.408163265309, true
    ],
    "reelStop": [
      171000,
      4915.011337868492
    ],
    "spinStart": [
      177000,
      6549.841269841267
    ],
    "spinStartBtn": [
      185000,
      1538.616780045345
    ],
    "spinStopBtn": [
      188000,
      1538.616780045345
    ],
    "aSym": [
      191000,
      7289.977324263049
    ],
    "bonusSym": [
      200000,
      6070.340136054427
    ],
    "bonusSym_land": [
      208000,
      3152.3129251700652
    ],
    "bSym": [
      213000,
      4338.04988662132
    ],
    "cSym": [
      219000,
      2689.9999999999977
    ],
    "lowPaySym": [
      223000,
      2011.768707482986
    ],
    "wildSym": [
      227000,
      7289.977324263049
    ]
  }
}