{
  "urls": [
    "GameSounds.ogg",
    "GameSounds.m4a",
    "GameSounds.mp3",
    "GameSounds.ac3"
  ],
  "sprite": {
    "background": [0, 66586.1224489796, true],
    "intro": [68000, 10149.433106575969, true],
    "transition": [
      80000,
      4892.562358276649
    ],
    "bigWin": [
      86000,
      8766.0544217687
    ],
    "counterEnd": [
      96000,
      1727.89115646259
    ],
    "counterLoop": [99000, 2086.9387755102052, true],
    "megaWin": [
      103000,
      6321.08843537415
    ],
    "superMegaWin": [
      111000,
      5898.662131519273
    ],
    "superMegaWinDissapear": [
      118000,
      2033.3786848072605
    ],
    "totalWin": [
      122000,
      1930.907029478462
    ],
    "winCounterLoop": [125000, 1333.4920634920593, true],
    "btnClick": [
      128000,
      835.9183673469488
    ],
    "goldenFrameOnReel": [
      130000,
      1279.4104308389933
    ],
    "goldenFrameOnReel2": [
      133000,
      1870.544217687069
    ],
    "progressBarFill1": [
      136000,
      2666.689342403629
    ],
    "progressBarFill2": [
      140000,
      3000.022675736972
    ],
    "progressBarFill3": [
      145000,
      3000.022675736972
    ],
    "progressBarFill4": [
      150000,
      3000.022675736972
    ],
    "progressBarFill5": [
      155000,
      3000.022675736972
    ],
    "stickyWildReelAppear": [
      160000,
      3356.9160997732297
    ],
    "symbolsFireEnergyShots": [
      165000,
      4002.539682539691
    ],
    "backgroundFS": [
      171000,
      60539.138321995466
    ],
    "fsAwardPopup": [
      233000,
      1794.784580498856
    ],
    "fsWinPopup": [
      236000,
      2819.115646258496
    ],
    "errorPopup": [
      240000,
      1203.3333333333474
    ],
    "hidePopup": [
      243000,
      1794.784580498856
    ],
    "showPopup": [
      246000,
      1794.784580498856
    ],
    "anticipation": [
      249000,
      2029.2290249433051
    ],
    "reelLock": [
      253000,
      1279.4104308389933
    ],
    "reelSpinning": [256000, 1276.2585034013796, true],
    "reelStop": [
      259000,
      1541.8820861677887
    ],
    "spinStart": [
      262000,
      1024.2857142857247
    ],
    "spinStartBtn": [
      265000,
      1538.616780045345
    ],
    "spinStopBtn": [
      268000,
      1538.616780045345
    ],
    "aSym": [
      271000,
      7289.97732426302
    ],
    "bonusSym": [
      280000,
      6070.340136054427
    ],
    "bonusSym_land": [
      288000,
      3152.3129251700652
    ],
    "bSym": [
      293000,
      4338.04988662132
    ],
    "cSym": [
      299000,
      2689.9999999999977
    ],
    "lowPaySym": [
      303000,
      2011.768707482986
    ],
    "wildSym": [
      307000,
      7289.97732426302
    ]
  }
}